Year;Topic;Relative Frequency;Category
2010;0 people_just_climate_global;0.4343;general
2010;1 skeptics_skepticism_skeptic_denial;0.0088;skepticism
2010;2 gore_al_people_global;0.0082;skepticism
2010;3 population_overpopulation_children_people;0.0076;political discussion
2010;4 models_model_climate_predictions;0.0073;scientific discussion
2011;0 people_just_like_climate;0.3573;general
2011;1 meat_food_animals_eat;0.013;scientific discussion
2011;2 religion_god_religious_people;0.0123;skepticism
2011;3 canada_harper_canadian_government;0.0118;political action
2011;4 hiv_science_aids_mullis;0.0082;skepticism
2012;0 germany_medias_people_just;0.3465;general
2012;1 sandy_hurricane_storm_hurricanes;0.0135;general
2012;2 meat_food_animal_eating;0.0114;scientific discussion
2012;3 nye_cnn_pq_guy;0.0055;general
2012;4 gore_al_ecs_amp;0.004;political discussion
2013;0 ted_headed_seen_talk;0.343;general
2013;1 fires_bushfires_wildfires_bush;0.0064;scientific discussion
2013;2 gore_al_jazeera_bush;0.0049;political discussion
2013;3 gun_guns_amendment_people;0.0041;general
2013;4 denier_deniers_holocaust_la;0.0041;skepticism
2014;1 australia_abbott_tony_australian;0.0265;skepticism
2014;2 warming_scientific_consensus_scientists;0.0235;skepticism
2014;3 religion_god_religious_christians;0.019;skepticism
2014;4 oil_car_cars_peak;0.0109;individual responsibility
2014;5 nuclear_power_waste_reactors;0.0109;political action
2015;0 warming_global_term_humans;0.0203;general
2015;1 bernie_sanders_hillary_clinton;0.0188;political discussion
2015;2 weather_snow_winter_cold;0.0172;scientific discussion
2015;3 meat_animal_animals_vegan;0.0168;individual responsibility
2015;4 canada_harper_ndp_canadian;0.0136;political discussion
2016;0 chinese_china_hoax_thinks;0.0246;skepticism
2016;1 science_scientists_scientific_consensus;0.0189;skepticism
2016;2 meat_animal_animals_vegan;0.0145;individual responsibility
2016;3 warming_global_climate_term;0.0122;skepticism
2016;4 party_republicans_republican_gop;0.0098;skepticism
2017;0 people_like_just_don;0.3937;general
2017;1 vaccines_autism_anti_vaxxers;0.007;skepticism
2017;2 deniers_denier_just_like;0.0065;skepticism
2017;3 man_real_manmade_believe;0.0043;skepticism
2017;4 gun_guns_control_firearms;0.0033;political discussion
2018;0 meat_people_just_don;0.2825;general
2018;1 canada_alberta_pipeline_carbon;0.0169;political discussion
2018;2 capitalism_socialism_communism_capitalist;0.0106;political discussion
2018;3 women_men_gender_trans;0.0096;general
2018;4 vaccines_anti_vaxxers_autism;0.0073;skepticism
2019;0 kids_child_children_protest;0.0488;political action
2019;1 china_india_australia_chinese;0.0276;political discussion
2019;2 meat_vegan_animal_animals;0.0233;political action
2019;3 canada_alberta_trudeau_ndp;0.018;general
2019;4 warming_global_temperature_atmosphere;0.0154;skepticism
2020;0 people_just_like_don;0.3811;general
2020;1 canada_alberta_canadian_trudeau;0.0093;political discussion
2020;2 cars_car_electric_vehicles;0.0057;individual responsibility
2020;3 greta_thunberg_activist_girl;0.0052;political action
2020;4 plastic_bags_recycling_plastics;0.004;individual responsibility
2021;0 people_just_like_don;0.4141;general
2021;1 covid_vaccine_vaccines_pandemic;0.0288;skepticism
2021;2 bitcoin_crypto_energy_mining;0.0065;political action
2021;3 boomers_generation_gen_millennials;0.0058;political discussion
2021;4 population_overpopulation_growth_people;0.0044;political discussion
2022;0 people_like_just_don;0.3863;general
2022;1 protest_protests_protesting_protesters;0.012;political action
2022;2 god_church_religion_bible;0.0071;skepticism
2022;3 plastic_recycling_plastics_straws;0.006;political action
2022;4 trans_gender_women_men;0.0057;general
